{
  "spearman_cis": [
    {
      "pair": "google_toxicity__openai_harassment",
      "n": 6843,
      "r_obs": 0.829809279583366,
      "ci95": [
        0.8220526387840204,
        0.8377908349280556
      ]
    },
    {
      "pair": "google_identity_attack__openai_hate",
      "n": 6843,
      "r_obs": 0.8710367379809675,
      "ci95": [
        0.8648053861666462,
        0.8768465407687899
      ]
    },
    {
      "pair": "google_threat__openai_violence",
      "n": 6843,
      "r_obs": 0.6401828347078223,
      "ci95": [
        0.6229257368675579,
        0.6558007823110372
      ]
    },
    {
      "pair": "google_profanity__openai_sexual",
      "n": 6843,
      "r_obs": 0.4254883083906588,
      "ci95": [
        0.4033190868307414,
        0.44596916605763093
      ]
    }
  ]
}