{
  "dataset": "/Users/monk/Desktop/Projects/research/4chan-toxicity-analysis/src/data/analysis_dataset.jsonl",
  "num_rows": 6843,
  "google": {
    "google_toxicity": {
      "count": 6843,
      "quantiles": {
        "0.0": 0.00201057,
        "0.25": 0.05725329,
        "0.5": 0.28674445,
        "0.75": 0.57533257,
        "0.9": 0.7761081,
        "0.95": 0.8540474,
        "1.0": 0.9817629
      },
      "prevalence_ge_0_5": 0.30030688294607627,
      "prevalence_ge_0_8": 0.08388133859418384
    },
    "google_severe_toxicity": {
      "count": 6843,
      "quantiles": {
        "0.0": 0.00056505203,
        "0.25": 0.003376007,
        "0.5": 0.016641939,
        "0.75": 0.16960317,
        "0.9": 0.35368225,
        "0.95": 0.45895407,
        "1.0": 0.8219337
      },
      "prevalence_ge_0_5": 0.033757124068391056,
      "prevalence_ge_0_8": 0.00014613473622680112
    },
    "google_threat": {
      "count": 6843,
      "quantiles": {
        "0.0": 0.005340761,
        "0.25": 0.00777375535,
        "0.5": 0.011405042,
        "0.75": 0.045572113,
        "0.9": 0.24090876,
        "0.95": 0.4390245789999995,
        "1.0": 0.8531945
      },
      "prevalence_ge_0_5": 0.033610989332164255,
      "prevalence_ge_0_8": 0.00014613473622680112
    },
    "google_insult": {
      "count": 6843,
      "quantiles": {
        "0.0": 0.005489364,
        "0.25": 0.017517597500000003,
        "0.5": 0.08831572,
        "0.75": 0.4339631,
        "0.9": 0.6306598999999999,
        "0.95": 0.7065844,
        "1.0": 0.9382069
      },
      "prevalence_ge_0_5": 0.19465146865409907,
      "prevalence_ge_0_8": 0.014321204150226509
    },
    "google_profanity": {
      "count": 6843,
      "quantiles": {
        "0.0": 0.009767254,
        "0.25": 0.025087673,
        "0.5": 0.10982819,
        "0.75": 0.43611871999999996,
        "0.9": 0.70864636,
        "0.95": 0.8086746,
        "1.0": 0.96028095
      },
      "prevalence_ge_0_5": 0.210872424375274,
      "prevalence_ge_0_8": 0.053631448195236006
    },
    "google_identity_attack": {
      "count": 6843,
      "quantiles": {
        "0.0": 0.00029135813,
        "0.25": 0.008176526,
        "0.5": 0.06522302,
        "0.75": 0.382346645,
        "0.9": 0.57957685,
        "0.95": 0.6728028,
        "1.0": 0.9175748
      },
      "prevalence_ge_0_5": 0.16659359929855327,
      "prevalence_ge_0_8": 0.011983048370597691
    }
  },
  "openai": {
    "openai_harassment": {
      "count": 6843,
      "quantiles": {
        "0.0": 6.540437226933637e-07,
        "0.25": 0.0059770935447400215,
        "0.5": 0.142483621260805,
        "0.75": 0.8013304046581131,
        "0.9": 0.963891245232439,
        "0.95": 0.9797574011248636,
        "1.0": 0.9818299277588565
      },
      "prevalence_ge_0_5": 0.346777729066199,
      "prevalence_ge_0_8": 0.2516440157825515
    },
    "openai_harassment_threatening": {
      "count": 6843,
      "quantiles": {
        "0.0": 4.181187231316626e-08,
        "0.25": 4.108485376346404e-05,
        "0.5": 0.0008831713514648504,
        "0.75": 0.006228548393007852,
        "0.9": 0.11351113936017794,
        "0.95": 0.39778133714270913,
        "1.0": 0.9986257679504098
      },
      "prevalence_ge_0_5": 0.042671342978225925,
      "prevalence_ge_0_8": 0.016805494666082128
    },
    "openai_hate": {
      "count": 6843,
      "quantiles": {
        "0.0": 1.5534977545950122e-07,
        "0.25": 0.00014325365947100792,
        "0.5": 0.008133671467951662,
        "0.75": 0.30885824342666374,
        "0.9": 0.6989235231195406,
        "0.95": 0.8219729844705005,
        "1.0": 0.9989510908740062
      },
      "prevalence_ge_0_5": 0.1720005845389449,
      "prevalence_ge_0_8": 0.05523893029373082
    },
    "openai_hate_threatening": {
      "count": 6843,
      "quantiles": {
        "0.0": 4.450850519411503e-08,
        "0.25": 2.7535691114583474e-06,
        "0.5": 1.5843621910252592e-05,
        "0.75": 9.110511944006454e-05,
        "0.9": 0.004471896412164205,
        "0.95": 0.022855801720160683,
        "1.0": 0.9982557515263795
      },
      "prevalence_ge_0_5": 0.012275317843051293,
      "prevalence_ge_0_8": 0.004091772614350431
    },
    "openai_violence": {
      "count": 6843,
      "quantiles": {
        "0.0": 4.356879983467376e-07,
        "0.25": 0.0005130006664921807,
        "0.5": 0.0011812131826251435,
        "0.75": 0.023003951631894615,
        "0.9": 0.3496533346009736,
        "0.95": 0.5220774823797696,
        "1.0": 0.9999137392241972
      },
      "prevalence_ge_0_5": 0.06342247552243169,
      "prevalence_ge_0_8": 0.0263042525208242
    },
    "openai_violence_graphic": {
      "count": 6843,
      "quantiles": {
        "0.0": 2.2603242979035749e-07,
        "0.25": 6.502816785764437e-06,
        "0.5": 1.6603846953733614e-05,
        "0.75": 4.955359475635505e-05,
        "0.9": 0.002418798166937005,
        "0.95": 0.005471381681844389,
        "1.0": 0.6072252947063344
      },
      "prevalence_ge_0_5": 0.00029226947245360223,
      "prevalence_ge_0_8": 0.0
    },
    "openai_sexual": {
      "count": 6843,
      "quantiles": {
        "0.0": 3.3931448129766124e-07,
        "0.25": 5.4421326243255744e-05,
        "0.5": 0.00016229670614688406,
        "0.75": 0.002924908581036187,
        "0.9": 0.05217496406923379,
        "0.95": 0.2049924173808175,
        "1.0": 0.9916558359982809
      },
      "prevalence_ge_0_5": 0.021335671489112962,
      "prevalence_ge_0_8": 0.008768084173608066
    },
    "openai_sexual_minors": {
      "count": 6843,
      "quantiles": {
        "0.0": 8.059446204294678e-08,
        "0.25": 5.829126566113866e-06,
        "0.5": 1.7674513810355872e-05,
        "0.75": 5.8383245819124435e-05,
        "0.9": 0.00022694686544869402,
        "0.95": 0.0005774929853444153,
        "1.0": 0.9403840089747625
      },
      "prevalence_ge_0_5": 0.002776559988309221,
      "prevalence_ge_0_8": 0.001169077889814409
    }
  },
  "openai_flagged_prevalence": 0.4365044571094549
}